name,navanLink,picture,starRating,navanRating,perNight,total,latitude,longitude
The Capitol Kempinski Hotel Singapore,https://app.navan.com/app/user2/search/hotels/5470ac83-7ac7-4e66-b099-1fc927ea15be/hotels/cf4cd8dc-51b8-46a5-9e72-80364077460b,https://i.travelapi.com/lodging/11000000/10590000/10589200/10589136/db201523_b.jpg,5-star hotel,8.9 Very good,$314 nightly,"$1,883",1.2939909,103.8508973
"Swissotel The Stamford, Singapore",https://app.navan.com/app/user2/search/hotels/5470ac83-7ac7-4e66-b099-1fc927ea15be/hotels/63ec8511-d001-42e3-9834-dc07384e65f9,https://i.travelapi.com/lodging/1000000/10000/400/311/27d65d67_b.jpg,5-star hotel,8.7 Very good,$227 nightly,"$1,580",1.2933171,103.8533985
Pullman Singapore Hill Street,https://app.navan.com/app/user2/search/hotels/5470ac83-7ac7-4e66-b099-1fc927ea15be/hotels/90c3c3d3-4867-40d9-9124-0703fbfba76a,https://i.travelapi.com/lodging/94000000/93490000/93487000/93486994/448947f0_b.jpg,5-star hotel,8.7 Very good,$201 nightly,"$1,272",1.2936762,103.8506106
JW Marriott Hotel Singapore South Beach,https://app.navan.com/app/user2/search/hotels/5470ac83-7ac7-4e66-b099-1fc927ea15be/hotels/5ed8f6fd-1061-46d0-9a11-213f8f00816f,https://i.travelapi.com/lodging/10000000/9640000/9636100/9636009/1a00357d_b.jpg,5-star hotel,8.8 Very good,$314 nightly,"$1,885",,
Carlton Hotel Singapore,https://app.navan.com/app/user2/search/hotels/5470ac83-7ac7-4e66-b099-1fc927ea15be/hotels/9508114f-dc58-48f0-a353-0480ef152a9c,https://i.travelapi.com/lodging/1000000/900000/892600/892568/896a80bd_b.jpg,4.5-star hotel,8.5 Very good,$186 nightly,"$1,117",1.2961064,103.852572
"PARKROYAL COLLECTION Marina Bay, Singapore",https://app.navan.com/app/user2/search/hotels/5470ac83-7ac7-4e66-b099-1fc927ea15be/hotels/e0ebdfb8-2924-4c11-9076-5fb0a05ee5a8,https://i.travelapi.com/lodging/1000000/330000/328800/328749/5eb099d7_b.jpg,5-star hotel,9.0 Excellent,$309 nightly,"$1,855",1.29161,103.8568157
Fairmont Singapore,https://app.navan.com/app/user2/search/hotels/5470ac83-7ac7-4e66-b099-1fc927ea15be/hotels/031755b7-e656-47c0-8526-06495aaf521f,https://i.travelapi.com/lodging/1000000/870000/861900/861823/8346b5e3_b.jpg,5-star hotel,8.8 Very good,$259 nightly,"$1,798",1.2941133,103.8539484
Grand Park City Hall,https://app.navan.com/app/user2/search/hotels/5470ac83-7ac7-4e66-b099-1fc927ea15be/hotels/780b2455-5e49-4d70-baea-cdf248c1ee71,https://i.travelapi.com/lodging/1000000/900000/893000/892942/670c6f3b_b.jpg,5-star hotel,8.0 Very good,$235 nightly,"$1,408",1.2926954,103.8502785
The Clan Hotel Singapore by Far East Hospitality,https://app.navan.com/app/user2/search/hotels/5470ac83-7ac7-4e66-b099-1fc927ea15be/hotels/8f00dfa6-6bda-41c7-8fa3-dfbe7d9e195e,https://i.travelapi.com/lodging/46000000/45540000/45537000/45536906/ce526780_b.jpg,5-star hotel,9.0 Excellent,$248 nightly,"$1,484",,
"Capri By Fraser China Square, Singapore",https://app.navan.com/app/user2/search/hotels/5470ac83-7ac7-4e66-b099-1fc927ea15be/hotels/3aa956ad-a079-40b7-8ab8-18b71a3d99a1,https://i.travelapi.com/lodging/35000000/34840000/34834500/34834462/aec32124_b.jpg,5-star hotel,8.7 Very good,$168 nightly,"$1,009",1.2839775,103.8470657
Conrad Singapore Marina Bay,https://app.navan.com/app/user2/search/hotels/5470ac83-7ac7-4e66-b099-1fc927ea15be/hotels/efa0288e-f9f7-4f3b-ab48-25df81d66a2b,https://i.travelapi.com/lodging/1000000/50000/41200/41139/w3837h2561x3y0-51d74d74_b.jpg,5-star hotel,8.9 Very good,$265 nightly,"$1,877",1.293525,103.8587748
Pan Pacific Singapore,https://app.navan.com/app/user2/search/hotels/5470ac83-7ac7-4e66-b099-1fc927ea15be/hotels/a550a5a1-1fbd-486d-8d56-e6825dc3defc,https://i.travelapi.com/lodging/1000000/10000/6600/6594/f8e34912_b.jpg,5-star hotel,8.8 Very good,$267 nightly,"$1,601",1.3073446,103.8298621
Naumi Hotel Singapore,https://app.navan.com/app/user2/search/hotels/5470ac83-7ac7-4e66-b099-1fc927ea15be/hotels/bcc8a210-8640-48b8-8702-ef805e1f1b16,https://i.travelapi.com/lodging/1000000/420000/415700/415634/ff5266e0_b.jpg,4.5-star hotel,8.6 Very good,$169 nightly,"$1,014",1.2958125,103.8551441
"PARKROYAL COLLECTION Pickering, Singapore",https://app.navan.com/app/user2/search/hotels/5470ac83-7ac7-4e66-b099-1fc927ea15be/hotels/41ece583-2f6f-479c-8285-bae236a29a76,https://i.travelapi.com/lodging/6000000/5410000/5400400/5400381/bafd266f_b.jpg,5-star hotel,9.1 Excellent,$283 nightly,"$1,699",1.2856566,103.8462571
"Four Points by Sheraton Singapore, Riverview",https://app.navan.com/app/user2/search/hotels/5470ac83-7ac7-4e66-b099-1fc927ea15be/hotels/23abc111-3f7d-463d-8de2-d7696bf5abd0,https://i.travelapi.com/lodging/1000000/50000/46800/46752/987dde71_b.jpg,4-star hotel,8.3 Very good,$189 nightly,"$1,135",,
Park Regis by Prince Singapore,https://app.navan.com/app/user2/search/hotels/5470ac83-7ac7-4e66-b099-1fc927ea15be/hotels/2eb9201c-1e96-4f5d-a8af-d77fa91a4685,https://i.travelapi.com/lodging/5000000/4020000/4018200/4018160/709ffd51_b.jpg,4-star hotel,8.2 Very good,$186 nightly,"$1,114",,
Ascott Raffles Place Singapore,https://app.navan.com/app/user2/search/hotels/5470ac83-7ac7-4e66-b099-1fc927ea15be/hotels/09a119e8-af40-4a7e-bd5f-82dbcc94fb54,https://i.travelapi.com/lodging/3000000/2110000/2110000/2109912/afbcaad9_b.jpg,5-star hotel,8.6 Very good,$226 nightly,"$1,355",1.2820932,103.8516385
Carlton City Hotel Singapore,https://app.navan.com/app/user2/search/hotels/5470ac83-7ac7-4e66-b099-1fc927ea15be/hotels/ef66708c-e3f7-40bd-ac7d-28f12d6daf89,https://i.travelapi.com/lodging/7000000/6080000/6076600/6076571/w2304h2048x128y192-a006fb69_b.jpg,5-star hotel,8.6 Very good,$184 nightly,"$1,101",1.2760232,103.8437271
The Fullerton Hotel Singapore,https://app.navan.com/app/user2/search/hotels/5470ac83-7ac7-4e66-b099-1fc927ea15be/hotels/e655af0f-12b4-4ac3-b921-36e2a875f25e,https://i.travelapi.com/lodging/1000000/900000/893000/892940/f4ce541f_b.jpg,5-star hotel,9.1 Excellent,$315 nightly,"$1,891",1.2862019,103.8530726
"ANDAZ SINGAPORE, BY HYATT",https://app.navan.com/app/user2/search/hotels/5470ac83-7ac7-4e66-b099-1fc927ea15be/hotels/dfb93cd3-c476-4d54-913e-0c01e281c320,https://i.travelapi.com/lodging/19000000/18620000/18618200/18618175/672d966c_b.jpg,5-star hotel,8.7 Very good,$241 nightly,"$1,448",,
30 Bencoolen,https://app.navan.com/app/user2/search/hotels/5470ac83-7ac7-4e66-b099-1fc927ea15be/hotels/a902192b-ae85-4f88-ba1f-b60cba580cf6,https://i.travelapi.com/lodging/20000000/19790000/19789300/19789202/631b86d4_b.jpg,4-star hotel,8.5 Very good,$159 nightly,$953,1.2984653,103.8503424
InterContinental Singapore by IHG,https://app.navan.com/app/user2/search/hotels/5470ac83-7ac7-4e66-b099-1fc927ea15be/hotels/8719be65-b53e-4a11-88fa-481cb2344494,https://i.travelapi.com/lodging/1000000/20000/12400/12307/bfc9a4b3_b.jpg,5-star hotel,8.8 Very good,$337 nightly,"$2,022",,
Oasia Hotel Downtown Singapore by Far East Hospitality,https://app.navan.com/app/user2/search/hotels/5470ac83-7ac7-4e66-b099-1fc927ea15be/hotels/9746af22-ac1a-4946-bf1e-521cf487a292,https://i.travelapi.com/lodging/14000000/13460000/13455200/13455138/efa6ffdf_b.jpg,4.5-star hotel,8.6 Very good,$203 nightly,"$1,215",,
Paradox Singapore Merchant Court at Clarke Quay,https://app.navan.com/app/user2/search/hotels/5470ac83-7ac7-4e66-b099-1fc927ea15be/hotels/12e8cec4-e59f-4973-8391-a78a8c919efa,https://i.travelapi.com/lodging/1000000/450000/447800/447795/7c3e3657_b.jpg,4.5-star hotel,8.5 Very good,$211 nightly,"$1,266",1.2884396,103.845903
InterContinental Singapore Robertson Quay by IHG,https://app.navan.com/app/user2/search/hotels/5470ac83-7ac7-4e66-b099-1fc927ea15be/hotels/c862eada-b178-4f8e-87de-701dbe106860,https://i.travelapi.com/lodging/1000000/570000/560400/560319/022415cc_b.jpg,5-star hotel,8.6 Very good,$186 nightly,"$1,302",,
Rendezvous Hotel Singapore by Far East Hospitality,https://app.navan.com/app/user2/search/hotels/5470ac83-7ac7-4e66-b099-1fc927ea15be/hotels/133ca580-e2e1-4549-8d46-50cb1cbc824a,https://i.travelapi.com/lodging/1000000/450000/447400/447343/ba929b2f_b.jpg,4.5-star hotel,8.2 Very good,$112 nightly,$673,,
Sofitel Singapore City Centre,https://app.navan.com/app/user2/search/hotels/5470ac83-7ac7-4e66-b099-1fc927ea15be/hotels/c3bebfc4-c58f-4088-a5d2-960549a6fb55,https://i.travelapi.com/lodging/17000000/16660000/16651700/16651631/6a4e328b_b.jpg,5-star hotel,8.8 Very good,$249 nightly,"$1,664",1.2771112,103.8451982
The Robertson House by The Crest Collection,https://app.navan.com/app/user2/search/hotels/5470ac83-7ac7-4e66-b099-1fc927ea15be/hotels/d285afe5-dca0-41f9-b6c2-53c42ba6c808,https://i.travelapi.com/lodging/3000000/2490000/2483600/2483503/5ae8b273_b.jpg,5-star hotel,8.3 Very good,$143 nightly,$854,1.2913437,103.8423401
Holiday Inn Singapore Atrium by IHG,https://app.navan.com/app/user2/search/hotels/5470ac83-7ac7-4e66-b099-1fc927ea15be/hotels/62215e58-0cd4-49f3-bf01-984cd53bff04,https://i.travelapi.com/lodging/1000000/420000/415800/415721/98b1f643_b.jpg,1 king bed,Free Wi-Fi,,,,
The Westin Singapore,https://app.navan.com/app/user2/search/hotels/5470ac83-7ac7-4e66-b099-1fc927ea15be/hotels/9e2d6005-3cc7-40df-a22b-00d6b1ad45c9,https://i.travelapi.com/lodging/7000000/6550000/6545000/6544926/bf388846_b.jpg,5-star hotel,8.7 Very good,$333 nightly,"$1,998",1.2783073,103.8507952
Mondrian Singapore Duxton,https://app.navan.com/app/user2/search/hotels/5470ac83-7ac7-4e66-b099-1fc927ea15be/hotels/19da4669-64a3-4a73-95fb-fe50e34c10a1,https://i.travelapi.com/lodging/92000000/91590000/91580200/91580180/30d2ab40_b.jpg,4-star hotel,8.8 Very good,$178 nightly,"$1,065",1.2784849,103.8420793
AMOY by Far East Hospitality,https://app.navan.com/app/user2/search/hotels/5470ac83-7ac7-4e66-b099-1fc927ea15be/hotels/d6359155-654a-48f2-a1ec-d07fe0ca32c8,https://i.travelapi.com/lodging/7000000/6500000/6493300/6493295/f954d89e_b.jpg,4-star hotel,8.9 Very good,$152 nightly,$910,,
Dao by Dorsett AMTD Singapore,https://app.navan.com/app/user2/search/hotels/5470ac83-7ac7-4e66-b099-1fc927ea15be/hotels/350748c8-f993-48d7-986f-703da7343d30,https://i.travelapi.com/lodging/19000000/18560000/18559500/18559466/2f746a0e_b.jpg,4.5-star hotel,8.9 Very good,$201 nightly,"$1,205",,
Hilton Singapore Orchard,https://app.navan.com/app/user2/search/hotels/5470ac83-7ac7-4e66-b099-1fc927ea15be/hotels/c45e1a90-e1a5-4785-b10b-a9f4c407cd8e,https://i.travelapi.com/lodging/1000000/20000/19100/19078/6e054b42_b.jpg,5-star hotel,8.6 Very good,$242 nightly,"$1,449",1.3019079,103.8359161
Hotel NuVe Heritage,https://app.navan.com/app/user2/search/hotels/5470ac83-7ac7-4e66-b099-1fc927ea15be/hotels/15811a03-8c3a-4133-8e35-7d086f122a94,https://i.travelapi.com/lodging/8000000/7100000/7098000/7097957/de9ca12d_b.jpg,4-star hotel,8.0 Very good,$161 nightly,$967,,
Somerset Bencoolen Singapore,https://app.navan.com/app/user2/search/hotels/5470ac83-7ac7-4e66-b099-1fc927ea15be/hotels/ed41b120-e853-443a-9687-0f8d74779a2e,https://i.travelapi.com/lodging/2000000/1090000/1080600/1080532/c4491f65_b.jpg,4-star hotel,8.6 Very good,$175 nightly,$955,1.2995674,103.8505318
JEN Singapore Orchardgateway by Shangri-La,https://app.navan.com/app/user2/search/hotels/5470ac83-7ac7-4e66-b099-1fc927ea15be/hotels/588ab91c-8f16-491f-a85f-934ae4c52677,https://i.travelapi.com/lodging/1000000/910000/906100/906062/a9bcfce6_b.jpg,4-star hotel,8.6 Very good,$202 nightly,"$1,214",,
Ann Siang House by The Unlimited Collection managed by The Ascott Limited,https://app.navan.com/app/user2/search/hotels/5470ac83-7ac7-4e66-b099-1fc927ea15be/hotels/2dc1d4fc-cfde-4cc6-b646-9667dfe9ed93,https://i.travelapi.com/lodging/23000000/22140000/22134000/22133904/89a0a960_b.jpg,4-star hotel,9.0 Excellent,$182 nightly,"$1,094",,
Singapore Marriott Tang Plaza Hotel,https://app.navan.com/app/user2/search/hotels/5470ac83-7ac7-4e66-b099-1fc927ea15be/hotels/e8e5d488-c10f-4308-a823-0ce6216ea04e,https://i.travelapi.com/lodging/1000000/30000/23900/23818/4e6058aa_b.jpg,5-star hotel,8.3 Very good,$236 nightly,"$1,660",1.305109,103.8328767
"PARKROYAL on Beach Road, Singapore",https://app.navan.com/app/user2/search/hotels/5470ac83-7ac7-4e66-b099-1fc927ea15be/hotels/f543711d-b7dd-49b6-a4b7-70ce262fd737,https://i.travelapi.com/lodging/4000000/3040000/3037400/3037335/7e5ead9c_b.jpg,4-star hotel,8.4 Very good,$164 nightly,$981,1.3002036,103.8607609
"Pan Pacific Serviced Suites Beach Road, Singapore",https://app.navan.com/app/user2/search/hotels/5470ac83-7ac7-4e66-b099-1fc927ea15be/hotels/81ca0835-8b04-4b49-8bb0-1d877c0b0052,https://i.travelapi.com/lodging/7000000/6090000/6084000/6083920/w896h1082x0y128-508be264_b.jpg,4-star hotel,8.6 Very good,$245 nightly,"$1,336",1.2995352,103.860035
Hilton Garden Inn Singapore Serangoon,https://app.navan.com/app/user2/search/hotels/5470ac83-7ac7-4e66-b099-1fc927ea15be/hotels/8c7c5c3d-b37a-418f-bb9b-76c17c6c9ed8,https://i.travelapi.com/lodging/10000000/9630000/9625800/9625754/7f0e8e01_b.jpg,4-star hotel,8.0 Very good,$126 nightly,$758,1.3083534,103.8519658
Citadines Connect City Centre Singapore,https://app.navan.com/app/user2/search/hotels/5470ac83-7ac7-4e66-b099-1fc927ea15be/hotels/2cdbee12-eaac-4a3f-96e1-de557ed3a12c,https://i.travelapi.com/lodging/87000000/86150000/86149900/86149818/4224ab0e_b.jpg,4-star hotel,8.6 Very good,$148 nightly,$885,,
Holiday Inn Singapore Orchard City Centre by IHG,https://app.navan.com/app/user2/search/hotels/5470ac83-7ac7-4e66-b099-1fc927ea15be/hotels/97609c1c-80ef-4b4c-9001-a72850b15a48,https://i.travelapi.com/lodging/1000000/10000/6200/6152/720e657d_b.jpg,4-star hotel,8.3 Very good,$132 nightly,$914,,
YOTEL Singapore Orchard Road,https://app.navan.com/app/user2/search/hotels/5470ac83-7ac7-4e66-b099-1fc927ea15be/hotels/a2046ca8-43e4-4a43-8a6a-c095bce118c3,https://i.travelapi.com/lodging/20000000/19080000/19073900/19073868/6ac4f8ab_b.jpg,4-star hotel,8.2 Very good,$151 nightly,$755,1.3063368,103.8313412
voco Orchard Singapore by IHG,https://app.navan.com/app/user2/search/hotels/5470ac83-7ac7-4e66-b099-1fc927ea15be/hotels/ff1975b4-c3c3-4746-8c06-3833d952b59a,https://i.travelapi.com/lodging/1000000/20000/16900/16819/a4f35aa9_b.jpg,5-star hotel,8.3 Very good,$178 nightly,"$1,237",,
Wanderlust by The Unlimited Collection,https://app.navan.com/app/user2/search/hotels/5470ac83-7ac7-4e66-b099-1fc927ea15be/hotels/2ec87cd5-69f8-4d33-9fb3-e0b7e543a364,https://i.travelapi.com/lodging/4000000/3720000/3712900/3712865/ceb72f0f_b.jpg,4-star hotel,8.7 Very good,$106 nightly,$636,,
Pullman Singapore Orchard,https://app.navan.com/app/user2/search/hotels/5470ac83-7ac7-4e66-b099-1fc927ea15be/hotels/0607a7ab-a300-4bc7-a087-ca221f0f6219,https://i.travelapi.com/lodging/1000000/910000/906200/906129/77c91aca_b.jpg,4.5-star hotel,8.2 Very good,$166 nightly,"$1,151",1.3031053,103.836202
Holiday Inn Express Singapore Serangoon by IHG,https://app.navan.com/app/user2/search/hotels/5470ac83-7ac7-4e66-b099-1fc927ea15be/hotels/bb82acf2-d45e-4912-ac0b-1a459c044380,https://i.travelapi.com/lodging/10000000/9820000/9812700/9812663/5b257504_b.jpg,4-star hotel,8.2 Very good,$103 nightly,$708,,
Quincy Hotel Singapore by Far East Hospitality,https://app.navan.com/app/user2/search/hotels/5470ac83-7ac7-4e66-b099-1fc927ea15be/hotels/0db0ee22-5679-49d3-9bc5-93744bc03918,https://i.travelapi.com/lodging/3000000/2460000/2450100/2450073/07eae670_b.jpg,4-star hotel,8.7 Very good,$129 nightly,$771,,
Grand Hyatt Singapore,https://app.navan.com/app/user2/search/hotels/5470ac83-7ac7-4e66-b099-1fc927ea15be/hotels/1b31dfcc-857a-45ef-9806-a1a05dd6eccd,https://i.travelapi.com/lodging/1000000/20000/11500/11421/7d6cca31_b.jpg,5-star hotel,8.3 Very good,$333 nightly,"$1,664",1.3063453,103.8332833
Orchid Hotel,https://app.navan.com/app/user2/search/hotels/5470ac83-7ac7-4e66-b099-1fc927ea15be/hotels/99bdb512-240e-4568-9341-ef9422d14160,https://i.travelapi.com/lodging/9000000/8640000/8639100/8639079/e7085d9d_b.jpg,4-star hotel,8.1 Very good,$265 nightly,"$1,586",1.2768871,103.8438844
Royal Plaza on Scotts,https://app.navan.com/app/user2/search/hotels/5470ac83-7ac7-4e66-b099-1fc927ea15be/hotels/d658ba93-5d36-4242-83b3-7ff1e2c2f109,https://i.travelapi.com/lodging/1000000/30000/23800/23799/6ea517b1_b.jpg,4.5-star hotel,8.4 Very good,$160 nightly,$960,1.3068779,103.8321576
Oakwood Studios Singapore,https://app.navan.com/app/user2/search/hotels/5470ac83-7ac7-4e66-b099-1fc927ea15be/hotels/096ba125-0d60-4bf1-9d44-46499e07d8c2,https://i.travelapi.com/lodging/16000000/16000000/15995200/15995168/15ffc4b6_b.jpg,4-star hotel,8.7 Very good,$166 nightly,$828,1.3069753,103.8361781
Vibe Hotel Singapore Orchard,https://app.navan.com/app/user2/search/hotels/5470ac83-7ac7-4e66-b099-1fc927ea15be/hotels/17ff67cf-9b82-464a-b622-f23717982206,https://i.travelapi.com/lodging/1000000/20000/19500/19440/4edc425a_b.jpg,4-star hotel,8.1 Very good,$110 nightly,$682,1.3081847,103.8358051
"Lanson Place Winsland, Singapore",https://app.navan.com/app/user2/search/hotels/5470ac83-7ac7-4e66-b099-1fc927ea15be/hotels/b6de442a-7815-41c0-9327-c145361abe5d,https://i.travelapi.com/lodging/8000000/7790000/7781500/7781414/a3630cec_b.jpg,4-star hotel,9.0 Excellent,$180 nightly,"$1,153",,
Ascott Orchard Singapore,https://app.navan.com/app/user2/search/hotels/5470ac83-7ac7-4e66-b099-1fc927ea15be/hotels/896e8972-34c7-4d17-905b-2d7c5fef1c33,https://i.travelapi.com/lodging/17000000/16230000/16223700/16223639/6f3f69cd_b.jpg,5-star hotel,8.6 Very good,$195 nightly,"$1,168",1.3039558,103.8372483
Orchard Rendezvous Hotel by Far East Hospitality,https://app.navan.com/app/user2/search/hotels/5470ac83-7ac7-4e66-b099-1fc927ea15be/hotels/3acb3264-e746-4588-96c1-0c14653d7aac,https://i.travelapi.com/lodging/1000000/910000/906100/906059/b3f6adcf_b.jpg,4-star hotel,8.0 Very good,$123 nightly,$740,,
Hotel NuVe Urbane,https://app.navan.com/app/user2/search/hotels/5470ac83-7ac7-4e66-b099-1fc927ea15be/hotels/b71244f4-bd44-4f8e-912f-1656cbefac3a,https://i.travelapi.com/lodging/20000000/19240000/19230800/19230751/c6aee31c_b.jpg,4-star hotel,8.0 Very good,$95 nightly,$572,1.3072405,103.8588731
Louis Kienne Serviced Residences,https://app.navan.com/app/user2/search/hotels/5470ac83-7ac7-4e66-b099-1fc927ea15be/hotels/50c1aa2e-a209-4800-b1fb-e055cba17e17,https://i.travelapi.com/lodging/10000000/9840000/9833300/9833251/e8c9da1c_b.jpg,4-star hotel,8.4 Very good,$193 nightly,"$1,156",,
Goodwood Park Hotel,https://app.navan.com/app/user2/search/hotels/5470ac83-7ac7-4e66-b099-1fc927ea15be/hotels/430122b3-8466-460f-9519-80afbc693eff,https://i.travelapi.com/lodging/1000000/10000/4200/4173/2a7f2bed_b.jpg,4.5-star hotel,8.4 Very good,$180 nightly,"$1,082",1.3086899,103.8349935
The Sultan,https://app.navan.com/app/user2/search/hotels/5470ac83-7ac7-4e66-b099-1fc927ea15be/hotels/b22402b6-94d6-4935-8a45-d25fc6d64d49,https://i.travelapi.com/lodging/6000000/5540000/5534800/5534784/83118415_b.jpg,4-star hotel,8.0 Very good,$138 nightly,$830,1.3032634,103.8609774
Como Metropolitan Singapore,https://app.navan.com/app/user2/search/hotels/5470ac83-7ac7-4e66-b099-1fc927ea15be/hotels/477e8caf-c8bf-4fd3-9d1f-06c7d9fa3b6e,https://i.travelapi.com/lodging/96000000/95440000/95440000/95439982/1288315e_b.jpg,5-star hotel,8.4 Very good,$270 nightly,"$1,616",,
Hotel Indigo Singapore Katong  by IHG,https://app.navan.com/app/user2/search/hotels/5470ac83-7ac7-4e66-b099-1fc927ea15be/hotels/05b0535f-1ce5-459f-bc80-848e4f012b65,https://i.travelapi.com/lodging/13000000/12500000/12494300/12494241/40da75c8_b.jpg,4.5-star hotel,9.0 Excellent,$167 nightly,"$1,161",,
Fraser Suites Singapore,,,,,,"S$12,754.20",1.2914,103.8363
